New,Coef
A,0.015297555
B,0.013762846
C,0.057675286
D,0.005423371
E,0.907840942
