New,Coef
A,0.008743481
B,0.028059538
C,0.01902083
D,0.00469747
E,0.939478681
