"","sec_A","sec_B","sec_C","sec_D","sec_E","g_id","A_tot","B_tot","C_tot","D_tot","E_tot","emp_tot","y_i"
"1",0.13333821,0.112806877,0.023583891,0.019483766,0.01031979,964384.9909348,128589.368442112,108789.259053028,22743.9505082423,18789.8514972858,9952.25058559904,251500.9848764,9200913.46761124
"2",0.030936667,0.164532394,0.003983141,0.001072669,0.011165455,508320.00347744,15725.7266770204,83635.1070902315,2024.71024697113,545.259109810142,5675.6241244272,807115.7748472,8680709.45114468
"3",0.09086486,0.078035281,0.124045029,0.112057359,0.028699947,2374194.99376288,215730.895720965,185270.97348708,294507.086852971,266046.02075209,68139.27048866,547122.762452,9560163.00088461
"4",0.003263793,0.001412453,0.002143145,0.031059091,0.00270463,328160.0082332,1071.04633775146,463.510588109008,703.294480844941,10192.3515582757,887.55140306776,135119.906068,8193290.77810677
"5",0.220436378,0.218164089,0.19218218,0.21187538,0.312984671,35726459.9924546,7875411.43949859,7794230.5974488,6865988.9650327,7569557.28695611,11181834.3267331,27023540.5717564,46992949.0157894
