New,Coef
A,0.04708219
B,0.010095967
C,0.064217679
D,0.015458215
E,0.863145948
